<?xml version="1.0" encoding="UTF-8" standalone="no"?>
<registration_data version="1.0">
   <environment>
      <hostname>PC-20130721BFNW</hostname>
      <hostId/>
      <osName>Windows 7</osName>
      <osVersion>6.1</osVersion>
      <osArchitecture>x86</osArchitecture>
      <systemModel>X550CC</systemModel>
      <systemManufacturer>ASUSTeK COMPUTER INC.</systemManufacturer>
      <cpuManufacturer>GenuineIntel</cpuManufacturer>
      <serialNumber>DBN0WU15266847F</serialNumber>
   </environment>
   <registry urn="urn:st:d9f7f926-b70c-4e2e-8dfe-7391a92241b2" version="1.0">
      <service_tag>
         <instance_urn>urn:st:72727644-5620-4adb-b3b6-45d5fa305f13</instance_urn>
         <product_name>Java SE 7 Development Kit</product_name>
         <product_version>1.7.0_13</product_version>
         <product_urn>JSEZ9-007-ZZZZ</product_urn>
         <product_parent_urn>urn:uuid:dc1704fe-264f-11dc-9482-080020a9ed93</product_parent_urn>
         <product_parent>Java Platform Standard Edition 7 (Java SE 7)</product_parent>
         <product_defined_inst_id>id=1.7.0_13-b20 x86,dir=C:\Program Files (x86)\Java\jdk1.7.0_13\jre</product_defined_inst_id>
         <product_vendor>Oracle Corporation</product_vendor>
         <platform_arch>x86</platform_arch>
         <timestamp>2015-08-18 10:30:49 GMT</timestamp>
         <container>global</container>
         <source>Windows JDK i586 installer</source>
         <installer_uid>-1</installer_uid>
      </service_tag>
   </registry>
</registration_data>
